isbn3131,Probando_31,Planeta,Grupo31,25,2000,0
isbn3132,Probando_31,Planeta,Grupo31,25,2000,0
isbn3133,Probando_31,Planeta,Grupo31,25,2000,0
isbn3134,Probando_31,Planeta,Grupo31,25,2000,0
isbn3135,Probando_31,Planeta,Grupo31,25,2000,0
isbn3136,Probando_31,Planeta,Grupo31,25,2000,0
isbn3137,Probando_31,Planeta,Grupo31,25,2000,0
isbn3138,Probando_31,Planeta,Grupo31,25,2000,0
isbn3139,Probando_31,Planeta,Grupo31,25,2000,0
isbn3110,Probando_31,Planeta,Grupo31,25,2000,0
isbn3111,Probando_31,Planeta,Grupo31,25,2000,0
isbn3112,Probando_31,Planeta,Grupo31,25,2000,0
isbn3123,Probando_31,Planeta,Grupo31,25,2000,0